customer_id,customer_segment,state,region
CUST00001,Retail,MA,Northeast
CUST00002,Wholesale,NY,Northeast
CUST00003,Retail,OR,West
CUST00004,Retail,IL,Midwest
CUST00005,Retail,NJ,Northeast
CUST00006,Retail,CT,Northeast
CUST00007,Wholesale,NJ,Northeast
CUST00008,Retail,CA,West
CUST00009,Wholesale,IN,Midwest
CUST00010,Retail,CT,Northeast
CUST00011,Retail,PA,Northeast
CUST00012,Retail,FL,South
CUST00013,Retail,MI,Midwest
CUST00014,Retail,MI,Midwest
CUST00015,Retail,WA,West
CUST00016,Retail,NC,South
CUST00017,Retail,TX,South
CUST00018,Retail,PA,Northeast
CUST00019,Retail,NY,Northeast
CUST00020,Retail,IN,Midwest
CUST00021,Retail,GA,South
CUST00022,Wholesale,TX,South
CUST00023,Retail,MI,Midwest
CUST00024,Retail,GA,South
CUST00025,Retail,OR,West
CUST00026,Wholesale,TN,South
CUST00027,Retail,CT,Northeast
CUST00028,Retail,TX,South
CUST00029,Enterprise,MI,Midwest
CUST00030,Wholesale,NY,Northeast
CUST00031,Wholesale,MI,Midwest
CUST00032,Retail,TN,South
CUST00033,Retail,MI,Midwest
CUST00034,Retail,MI,Midwest
CUST00035,Retail,AZ,West
CUST00036,Retail,NY,Northeast
CUST00037,Wholesale,AZ,West
CUST00038,Retail,NY,Northeast
CUST00039,Enterprise,GA,South
CUST00040,Retail,GA,South
CUST00041,Wholesale,OR,West
CUST00042,Retail,OR,West
CUST00043,Retail,NY,Northeast
CUST00044,Wholesale,NJ,Northeast
CUST00045,Retail,MA,Northeast
CUST00046,Retail,WI,Midwest
CUST00047,Enterprise,IL,Midwest
CUST00048,Wholesale,FL,South
CUST00049,Retail,MA,Northeast
CUST00050,Retail,OH,Midwest
CUST00051,Retail,MA,Northeast
CUST00052,Wholesale,OR,West
CUST00053,Retail,OH,Midwest
CUST00054,Retail,OH,Midwest
CUST00055,Retail,CA,West
CUST00056,Retail,MI,Midwest
CUST00057,Wholesale,WA,West
CUST00058,Retail,GA,South
CUST00059,Enterprise,PA,Northeast
CUST00060,Retail,PA,Northeast
CUST00061,Retail,OH,Midwest
CUST00062,Retail,AZ,West
CUST00063,Retail,GA,South
CUST00064,Enterprise,IL,Midwest
CUST00065,Retail,WI,Midwest
CUST00066,Retail,FL,South
CUST00067,Wholesale,MA,Northeast
CUST00068,Retail,TN,South
CUST00069,Wholesale,OR,West
CUST00070,Retail,TX,South
CUST00071,Retail,MA,Northeast
CUST00072,Retail,IN,Midwest
CUST00073,Retail,TX,South
CUST00074,Retail,CT,Northeast
CUST00075,Retail,AZ,West
CUST00076,Retail,NC,South
CUST00077,Retail,PA,Northeast
CUST00078,Enterprise,MI,Midwest
CUST00079,Retail,PA,Northeast
CUST00080,Retail,CT,Northeast
CUST00081,Wholesale,MI,Midwest
CUST00082,Wholesale,CA,West
CUST00083,Retail,TN,South
CUST00084,Retail,TX,South
CUST00085,Retail,TN,South
CUST00086,Retail,NC,South
CUST00087,Enterprise,NC,South
CUST00088,Wholesale,TN,South
CUST00089,Retail,OH,Midwest
CUST00090,Retail,CO,West
CUST00091,Enterprise,IN,Midwest
CUST00092,Retail,NC,South
CUST00093,Retail,MA,Northeast
CUST00094,Wholesale,GA,South
CUST00095,Retail,OR,West
CUST00096,Enterprise,NC,South
CUST00097,Enterprise,CO,West
CUST00098,Wholesale,IN,Midwest
CUST00099,Retail,WA,West
CUST00100,Wholesale,MA,Northeast
CUST00101,Wholesale,TX,South
CUST00102,Retail,MI,Midwest
CUST00103,Retail,OH,Midwest
CUST00104,Wholesale,IL,Midwest
CUST00105,Wholesale,NJ,Northeast
CUST00106,Retail,OR,West
CUST00107,Wholesale,PA,Northeast
CUST00108,Wholesale,OR,West
CUST00109,Retail,WI,Midwest
CUST00110,Retail,CO,West
CUST00111,Retail,OH,Midwest
CUST00112,Retail,NY,Northeast
CUST00113,Retail,WA,West
CUST00114,Retail,IN,Midwest
CUST00115,Retail,CA,West
CUST00116,Wholesale,IL,Midwest
CUST00117,Retail,WA,West
CUST00118,Wholesale,OR,West
CUST00119,Retail,NC,South
CUST00120,Retail,OR,West
CUST00121,Retail,WA,West
CUST00122,Wholesale,CO,West
CUST00123,Retail,GA,South
CUST00124,Enterprise,TN,South
CUST00125,Retail,WA,West
CUST00126,Retail,NC,South
CUST00127,Enterprise,MA,Northeast
CUST00128,Retail,MI,Midwest
CUST00129,Retail,FL,South
CUST00130,Retail,NJ,Northeast
CUST00131,Retail,OH,Midwest
CUST00132,Wholesale,WA,West
CUST00133,Retail,IL,Midwest
CUST00134,Retail,CO,West
CUST00135,Retail,TN,South
CUST00136,Wholesale,CO,West
CUST00137,Retail,NJ,Northeast
CUST00138,Retail,CO,West
CUST00139,Wholesale,CT,Northeast
CUST00140,Wholesale,CO,West
CUST00141,Retail,MA,Northeast
CUST00142,Retail,NC,South
CUST00143,Retail,OR,West
CUST00144,Retail,WI,Midwest
CUST00145,Retail,MI,Midwest
CUST00146,Retail,CO,West
CUST00147,Retail,PA,Northeast
CUST00148,Retail,NC,South
CUST00149,Enterprise,WI,Midwest
CUST00150,Wholesale,IN,Midwest
CUST00151,Retail,PA,Northeast
CUST00152,Enterprise,NY,Northeast
CUST00153,Wholesale,WA,West
CUST00154,Retail,WA,West
CUST00155,Retail,MA,Northeast
CUST00156,Retail,AZ,West
CUST00157,Retail,WI,Midwest
CUST00158,Retail,FL,South
CUST00159,Retail,AZ,West
CUST00160,Retail,AZ,West
CUST00161,Enterprise,PA,Northeast
CUST00162,Wholesale,CT,Northeast
CUST00163,Retail,MA,Northeast
CUST00164,Enterprise,IL,Midwest
CUST00165,Enterprise,NY,Northeast
CUST00166,Enterprise,OH,Midwest
CUST00167,Retail,CT,Northeast
CUST00168,Wholesale,OH,Midwest
CUST00169,Retail,WI,Midwest
CUST00170,Wholesale,CT,Northeast
CUST00171,Enterprise,WI,Midwest
CUST00172,Wholesale,FL,South
CUST00173,Wholesale,IN,Midwest
CUST00174,Wholesale,NJ,Northeast
CUST00175,Wholesale,TX,South
CUST00176,Retail,MA,Northeast
CUST00177,Retail,CO,West
CUST00178,Retail,IL,Midwest
CUST00179,Wholesale,IL,Midwest
CUST00180,Retail,TN,South
CUST00181,Retail,CT,Northeast
CUST00182,Retail,MA,Northeast
CUST00183,Retail,AZ,West
CUST00184,Wholesale,CT,Northeast
CUST00185,Wholesale,TX,South
CUST00186,Retail,CO,West
CUST00187,Enterprise,PA,Northeast
CUST00188,Retail,NC,South
CUST00189,Retail,WI,Midwest
CUST00190,Wholesale,IN,Midwest
CUST00191,Retail,TN,South
CUST00192,Retail,CO,West
CUST00193,Wholesale,OR,West
CUST00194,Retail,FL,South
CUST00195,Retail,IL,Midwest
CUST00196,Retail,NC,South
CUST00197,Retail,WI,Midwest
CUST00198,Retail,AZ,West
CUST00199,Retail,PA,Northeast
CUST00200,Wholesale,GA,South
CUST00201,Wholesale,WA,West
CUST00202,Wholesale,FL,South
CUST00203,Wholesale,FL,South
CUST00204,Wholesale,TN,South
CUST00205,Retail,CT,Northeast
CUST00206,Retail,IL,Midwest
CUST00207,Retail,WI,Midwest
CUST00208,Retail,OR,West
CUST00209,Retail,WI,Midwest
CUST00210,Retail,CO,West
CUST00211,Wholesale,NY,Northeast
CUST00212,Enterprise,GA,South
CUST00213,Retail,WA,West
CUST00214,Retail,TN,South
CUST00215,Retail,NC,South
CUST00216,Enterprise,NC,South
CUST00217,Enterprise,FL,South
CUST00218,Retail,AZ,West
CUST00219,Wholesale,FL,South
CUST00220,Retail,IL,Midwest
CUST00221,Retail,MI,Midwest
CUST00222,Retail,CT,Northeast
CUST00223,Retail,OH,Midwest
CUST00224,Enterprise,WI,Midwest
CUST00225,Wholesale,TN,South
CUST00226,Retail,TX,South
CUST00227,Wholesale,MI,Midwest
CUST00228,Enterprise,MI,Midwest
CUST00229,Enterprise,MI,Midwest
CUST00230,Retail,CT,Northeast
CUST00231,Retail,MI,Midwest
CUST00232,Retail,NY,Northeast
CUST00233,Retail,GA,South
CUST00234,Retail,CA,West
CUST00235,Retail,CT,Northeast
CUST00236,Retail,NC,South
CUST00237,Retail,CO,West
CUST00238,Retail,GA,South
CUST00239,Retail,MA,Northeast
CUST00240,Retail,CA,West
CUST00241,Retail,PA,Northeast
CUST00242,Retail,CA,West
CUST00243,Retail,NJ,Northeast
CUST00244,Retail,IN,Midwest
CUST00245,Retail,TX,South
CUST00246,Retail,IL,Midwest
CUST00247,Retail,OR,West
CUST00248,Retail,IN,Midwest
CUST00249,Enterprise,CO,West
CUST00250,Retail,AZ,West
CUST00251,Retail,AZ,West
CUST00252,Enterprise,CT,Northeast
CUST00253,Retail,NJ,Northeast
CUST00254,Wholesale,MI,Midwest
CUST00255,Retail,NJ,Northeast
CUST00256,Retail,OH,Midwest
CUST00257,Retail,NJ,Northeast
CUST00258,Wholesale,PA,Northeast
CUST00259,Retail,OR,West
CUST00260,Enterprise,AZ,West
CUST00261,Retail,NJ,Northeast
CUST00262,Wholesale,FL,South
CUST00263,Retail,CA,West
CUST00264,Wholesale,MI,Midwest
CUST00265,Retail,WI,Midwest
CUST00266,Retail,CT,Northeast
CUST00267,Retail,OH,Midwest
CUST00268,Retail,GA,South
CUST00269,Retail,NY,Northeast
CUST00270,Retail,MI,Midwest
CUST00271,Wholesale,NC,South
CUST00272,Retail,PA,Northeast
CUST00273,Wholesale,NC,South
CUST00274,Enterprise,TN,South
CUST00275,Retail,CO,West
CUST00276,Wholesale,CT,Northeast
CUST00277,Wholesale,PA,Northeast
CUST00278,Retail,TN,South
CUST00279,Retail,TX,South
CUST00280,Retail,NJ,Northeast
CUST00281,Retail,MA,Northeast
CUST00282,Retail,NJ,Northeast
CUST00283,Retail,OR,West
CUST00284,Wholesale,AZ,West
CUST00285,Wholesale,IN,Midwest
CUST00286,Retail,CO,West
CUST00287,Retail,PA,Northeast
CUST00288,Retail,NC,South
CUST00289,Retail,FL,South
CUST00290,Retail,NJ,Northeast
CUST00291,Wholesale,NC,South
CUST00292,Retail,AZ,West
CUST00293,Wholesale,OR,West
CUST00294,Enterprise,PA,Northeast
CUST00295,Retail,MA,Northeast
CUST00296,Wholesale,FL,South
CUST00297,Retail,PA,Northeast
CUST00298,Retail,CT,Northeast
CUST00299,Retail,CO,West
CUST00300,Wholesale,NJ,Northeast
CUST00301,Retail,TN,South
CUST00302,Wholesale,CO,West
CUST00303,Enterprise,NJ,Northeast
CUST00304,Retail,TN,South
CUST00305,Enterprise,MI,Midwest
CUST00306,Retail,CO,West
CUST00307,Retail,NY,Northeast
CUST00308,Retail,OH,Midwest
CUST00309,Retail,TN,South
CUST00310,Wholesale,CT,Northeast
CUST00311,Retail,CA,West
CUST00312,Retail,IL,Midwest
CUST00313,Enterprise,CA,West
CUST00314,Retail,WI,Midwest
CUST00315,Retail,TN,South
CUST00316,Wholesale,NC,South
CUST00317,Wholesale,CO,West
CUST00318,Retail,WI,Midwest
CUST00319,Wholesale,WI,Midwest
CUST00320,Wholesale,IN,Midwest
CUST00321,Retail,IL,Midwest
CUST00322,Retail,NC,South
CUST00323,Retail,TN,South
CUST00324,Retail,TX,South
CUST00325,Retail,FL,South
CUST00326,Retail,WA,West
CUST00327,Retail,OR,West
CUST00328,Retail,AZ,West
CUST00329,Retail,TN,South
CUST00330,Retail,CO,West
CUST00331,Retail,GA,South
CUST00332,Wholesale,IN,Midwest
CUST00333,Retail,WA,West
CUST00334,Wholesale,CA,West
CUST00335,Retail,NC,South
CUST00336,Wholesale,CO,West
CUST00337,Retail,WI,Midwest
CUST00338,Enterprise,NJ,Northeast
CUST00339,Retail,TX,South
CUST00340,Retail,CA,West
CUST00341,Wholesale,CA,West
CUST00342,Retail,WI,Midwest
CUST00343,Retail,IL,Midwest
CUST00344,Retail,AZ,West
CUST00345,Retail,TN,South
CUST00346,Retail,CA,West
CUST00347,Retail,TN,South
CUST00348,Wholesale,AZ,West
CUST00349,Retail,OR,West
CUST00350,Retail,CT,Northeast
CUST00351,Retail,NJ,Northeast
CUST00352,Retail,GA,South
CUST00353,Retail,PA,Northeast
CUST00354,Wholesale,NY,Northeast
CUST00355,Retail,WA,West
CUST00356,Retail,TX,South
CUST00357,Retail,MA,Northeast
CUST00358,Retail,MA,Northeast
CUST00359,Wholesale,FL,South
CUST00360,Retail,WA,West
CUST00361,Retail,IN,Midwest
CUST00362,Enterprise,OR,West
CUST00363,Retail,OH,Midwest
CUST00364,Enterprise,IL,Midwest
CUST00365,Retail,OR,West
CUST00366,Wholesale,WI,Midwest
CUST00367,Retail,OH,Midwest
CUST00368,Wholesale,AZ,West
CUST00369,Retail,AZ,West
CUST00370,Retail,PA,Northeast
CUST00371,Retail,TN,South
CUST00372,Wholesale,IL,Midwest
CUST00373,Wholesale,AZ,West
CUST00374,Wholesale,NC,South
CUST00375,Retail,NC,South
CUST00376,Wholesale,GA,South
CUST00377,Retail,CO,West
CUST00378,Retail,NJ,Northeast
CUST00379,Retail,OR,West
CUST00380,Wholesale,TN,South
CUST00381,Retail,FL,South
CUST00382,Retail,PA,Northeast
CUST00383,Wholesale,TX,South
CUST00384,Retail,CT,Northeast
CUST00385,Retail,AZ,West
CUST00386,Retail,IN,Midwest
CUST00387,Retail,GA,South
CUST00388,Retail,IN,Midwest
CUST00389,Retail,GA,South
CUST00390,Retail,NY,Northeast
CUST00391,Retail,NC,South
CUST00392,Retail,CT,Northeast
CUST00393,Wholesale,GA,South
CUST00394,Retail,MA,Northeast
CUST00395,Retail,NC,South
CUST00396,Retail,OH,Midwest
CUST00397,Retail,IN,Midwest
CUST00398,Retail,TN,South
CUST00399,Wholesale,GA,South
CUST00400,Retail,NC,South
CUST00401,Retail,FL,South
CUST00402,Retail,PA,Northeast
CUST00403,Retail,NJ,Northeast
CUST00404,Enterprise,WI,Midwest
CUST00405,Retail,TX,South
CUST00406,Retail,CA,West
CUST00407,Retail,TN,South
CUST00408,Retail,PA,Northeast
CUST00409,Wholesale,FL,South
CUST00410,Retail,AZ,West
CUST00411,Wholesale,NJ,Northeast
CUST00412,Retail,CA,West
CUST00413,Wholesale,TN,South
CUST00414,Retail,IL,Midwest
CUST00415,Retail,AZ,West
CUST00416,Wholesale,CA,West
CUST00417,Enterprise,IL,Midwest
CUST00418,Wholesale,MA,Northeast
CUST00419,Retail,CA,West
CUST00420,Enterprise,NJ,Northeast
CUST00421,Retail,WI,Midwest
CUST00422,Enterprise,AZ,West
CUST00423,Retail,OR,West
CUST00424,Wholesale,WI,Midwest
CUST00425,Wholesale,PA,Northeast
CUST00426,Wholesale,AZ,West
CUST00427,Retail,MA,Northeast
CUST00428,Retail,WI,Midwest
CUST00429,Wholesale,WA,West
CUST00430,Retail,TX,South
CUST00431,Enterprise,TN,South
CUST00432,Wholesale,TX,South
CUST00433,Retail,AZ,West
CUST00434,Wholesale,IL,Midwest
CUST00435,Retail,CA,West
CUST00436,Wholesale,IN,Midwest
CUST00437,Wholesale,NY,Northeast
CUST00438,Retail,GA,South
CUST00439,Retail,IN,Midwest
CUST00440,Enterprise,IL,Midwest
CUST00441,Retail,IN,Midwest
CUST00442,Retail,OH,Midwest
CUST00443,Retail,GA,South
CUST00444,Retail,MA,Northeast
CUST00445,Retail,OH,Midwest
CUST00446,Retail,GA,South
CUST00447,Retail,NY,Northeast
CUST00448,Wholesale,IL,Midwest
CUST00449,Retail,GA,South
CUST00450,Retail,TX,South
CUST00451,Retail,MI,Midwest
CUST00452,Retail,NJ,Northeast
CUST00453,Retail,OR,West
CUST00454,Retail,NY,Northeast
CUST00455,Wholesale,CO,West
CUST00456,Retail,TN,South
CUST00457,Wholesale,PA,Northeast
CUST00458,Wholesale,IN,Midwest
CUST00459,Retail,CT,Northeast
CUST00460,Enterprise,NC,South
CUST00461,Enterprise,NY,Northeast
CUST00462,Retail,CO,West
CUST00463,Retail,CA,West
CUST00464,Enterprise,CO,West
CUST00465,Wholesale,NY,Northeast
CUST00466,Retail,TN,South
CUST00467,Wholesale,IL,Midwest
CUST00468,Wholesale,MI,Midwest
CUST00469,Wholesale,NC,South
CUST00470,Wholesale,NC,South
CUST00471,Wholesale,CA,West
CUST00472,Retail,CT,Northeast
CUST00473,Retail,WI,Midwest
CUST00474,Retail,WA,West
CUST00475,Enterprise,AZ,West
CUST00476,Retail,CO,West
CUST00477,Retail,CA,West
CUST00478,Wholesale,NC,South
CUST00479,Retail,FL,South
CUST00480,Wholesale,GA,South
CUST00481,Wholesale,CA,West
CUST00482,Retail,NY,Northeast
CUST00483,Retail,PA,Northeast
CUST00484,Retail,MA,Northeast
CUST00485,Retail,IN,Midwest
CUST00486,Retail,CT,Northeast
CUST00487,Retail,TX,South
CUST00488,Retail,AZ,West
CUST00489,Retail,CA,West
CUST00490,Retail,TN,South
CUST00491,Retail,FL,South
CUST00492,Retail,CT,Northeast
CUST00493,Retail,OH,Midwest
CUST00494,Wholesale,WA,West
CUST00495,Wholesale,MA,Northeast
CUST00496,Retail,TX,South
CUST00497,Wholesale,TN,South
CUST00498,Retail,WI,Midwest
CUST00499,Wholesale,CT,Northeast
CUST00500,Retail,TX,South
CUST00501,Enterprise,MI,Midwest
CUST00502,Wholesale,FL,South
CUST00503,Wholesale,TX,South
CUST00504,Wholesale,OH,Midwest
CUST00505,Retail,CA,West
CUST00506,Retail,IL,Midwest
CUST00507,Wholesale,CT,Northeast
CUST00508,Retail,WI,Midwest
CUST00509,Wholesale,CO,West
CUST00510,Retail,GA,South
CUST00511,Retail,FL,South
CUST00512,Retail,TN,South
CUST00513,Retail,NY,Northeast
CUST00514,Retail,OH,Midwest
CUST00515,Retail,NY,Northeast
CUST00516,Retail,NC,South
CUST00517,Retail,CO,West
CUST00518,Retail,CO,West
CUST00519,Wholesale,GA,South
CUST00520,Retail,MA,Northeast
CUST00521,Retail,CA,West
CUST00522,Retail,TN,South
CUST00523,Wholesale,OR,West
CUST00524,Retail,TX,South
CUST00525,Wholesale,WI,Midwest
CUST00526,Enterprise,NY,Northeast
CUST00527,Retail,MI,Midwest
CUST00528,Retail,OH,Midwest
CUST00529,Retail,FL,South
CUST00530,Retail,TX,South
CUST00531,Retail,PA,Northeast
CUST00532,Enterprise,WA,West
CUST00533,Retail,WI,Midwest
CUST00534,Retail,IN,Midwest
CUST00535,Retail,TX,South
CUST00536,Wholesale,CA,West
CUST00537,Retail,CA,West
CUST00538,Retail,CA,West
CUST00539,Enterprise,TN,South
CUST00540,Wholesale,OR,West
CUST00541,Retail,CO,West
CUST00542,Wholesale,TX,South
CUST00543,Wholesale,CA,West
CUST00544,Retail,GA,South
CUST00545,Retail,AZ,West
CUST00546,Retail,PA,Northeast
CUST00547,Retail,NJ,Northeast
CUST00548,Wholesale,OR,West
CUST00549,Enterprise,OR,West
CUST00550,Retail,PA,Northeast
CUST00551,Retail,FL,South
CUST00552,Retail,MI,Midwest
CUST00553,Retail,IL,Midwest
CUST00554,Wholesale,CT,Northeast
CUST00555,Retail,MI,Midwest
CUST00556,Retail,GA,South
CUST00557,Retail,IL,Midwest
CUST00558,Retail,MI,Midwest
CUST00559,Retail,OH,Midwest
CUST00560,Wholesale,IL,Midwest
CUST00561,Retail,WI,Midwest
CUST00562,Wholesale,OR,West
CUST00563,Retail,OR,West
CUST00564,Retail,FL,South
CUST00565,Retail,WI,Midwest
CUST00566,Wholesale,PA,Northeast
CUST00567,Enterprise,AZ,West
CUST00568,Retail,TN,South
CUST00569,Retail,MA,Northeast
CUST00570,Enterprise,MA,Northeast
CUST00571,Retail,CO,West
CUST00572,Retail,NY,Northeast
CUST00573,Enterprise,FL,South
CUST00574,Retail,NY,Northeast
CUST00575,Retail,CO,West
CUST00576,Retail,PA,Northeast
CUST00577,Retail,MI,Midwest
CUST00578,Retail,OR,West
CUST00579,Wholesale,IL,Midwest
CUST00580,Retail,CA,West
CUST00581,Retail,TX,South
CUST00582,Retail,IL,Midwest
CUST00583,Retail,WI,Midwest
CUST00584,Enterprise,OR,West
CUST00585,Retail,MI,Midwest
CUST00586,Retail,FL,South
CUST00587,Wholesale,CO,West
CUST00588,Retail,TN,South
CUST00589,Retail,MA,Northeast
CUST00590,Retail,MA,Northeast
CUST00591,Retail,CT,Northeast
CUST00592,Retail,AZ,West
CUST00593,Retail,TN,South
CUST00594,Wholesale,MI,Midwest
CUST00595,Retail,CT,Northeast
CUST00596,Retail,MI,Midwest
CUST00597,Retail,NC,South
CUST00598,Retail,IN,Midwest
CUST00599,Wholesale,MA,Northeast
CUST00600,Retail,AZ,West
CUST00601,Retail,IN,Midwest
CUST00602,Wholesale,PA,Northeast
CUST00603,Retail,TX,South
CUST00604,Retail,FL,South
CUST00605,Retail,OH,Midwest
CUST00606,Retail,NC,South
CUST00607,Wholesale,OH,Midwest
CUST00608,Retail,OH,Midwest
CUST00609,Retail,MA,Northeast
CUST00610,Retail,CT,Northeast
CUST00611,Wholesale,MA,Northeast
CUST00612,Retail,IN,Midwest
CUST00613,Wholesale,WA,West
CUST00614,Retail,OH,Midwest
CUST00615,Wholesale,WI,Midwest
CUST00616,Enterprise,PA,Northeast
CUST00617,Wholesale,GA,South
CUST00618,Wholesale,OR,West
CUST00619,Retail,NC,South
CUST00620,Retail,IN,Midwest
CUST00621,Retail,MI,Midwest
CUST00622,Retail,WA,West
CUST00623,Retail,TN,South
CUST00624,Retail,CO,West
CUST00625,Retail,NC,South
CUST00626,Retail,WA,West
CUST00627,Wholesale,IN,Midwest
CUST00628,Retail,MI,Midwest
CUST00629,Wholesale,PA,Northeast
CUST00630,Wholesale,TN,South
CUST00631,Enterprise,CT,Northeast
CUST00632,Retail,MA,Northeast
CUST00633,Wholesale,NJ,Northeast
CUST00634,Enterprise,NC,South
CUST00635,Enterprise,WI,Midwest
CUST00636,Retail,NJ,Northeast
CUST00637,Retail,AZ,West
CUST00638,Retail,PA,Northeast
CUST00639,Retail,PA,Northeast
CUST00640,Retail,GA,South
CUST00641,Wholesale,CA,West
CUST00642,Wholesale,GA,South
CUST00643,Retail,MA,Northeast
CUST00644,Wholesale,MA,Northeast
CUST00645,Retail,OH,Midwest
CUST00646,Wholesale,MA,Northeast
CUST00647,Enterprise,WA,West
CUST00648,Retail,CO,West
CUST00649,Retail,NY,Northeast
CUST00650,Wholesale,MA,Northeast
CUST00651,Retail,OH,Midwest
CUST00652,Retail,CA,West
CUST00653,Wholesale,GA,South
CUST00654,Retail,TX,South
CUST00655,Wholesale,NJ,Northeast
CUST00656,Retail,OR,West
CUST00657,Wholesale,CA,West
CUST00658,Retail,PA,Northeast
CUST00659,Enterprise,CT,Northeast
CUST00660,Wholesale,OH,Midwest
CUST00661,Retail,NC,South
CUST00662,Retail,CT,Northeast
CUST00663,Enterprise,GA,South
CUST00664,Retail,WA,West
CUST00665,Retail,CT,Northeast
CUST00666,Retail,TX,South
CUST00667,Retail,PA,Northeast
CUST00668,Wholesale,CA,West
CUST00669,Wholesale,AZ,West
CUST00670,Retail,TX,South
CUST00671,Retail,TX,South
CUST00672,Retail,GA,South
CUST00673,Retail,CT,Northeast
CUST00674,Retail,GA,South
CUST00675,Enterprise,MA,Northeast
CUST00676,Wholesale,GA,South
CUST00677,Wholesale,CO,West
CUST00678,Wholesale,OH,Midwest
CUST00679,Retail,PA,Northeast
CUST00680,Wholesale,MA,Northeast
CUST00681,Retail,IL,Midwest
CUST00682,Retail,IL,Midwest
CUST00683,Retail,FL,South
CUST00684,Retail,OR,West
CUST00685,Wholesale,AZ,West
CUST00686,Retail,NJ,Northeast
CUST00687,Retail,FL,South
CUST00688,Retail,MA,Northeast
CUST00689,Retail,TX,South
CUST00690,Wholesale,NC,South
CUST00691,Retail,CO,West
CUST00692,Retail,AZ,West
CUST00693,Retail,WI,Midwest
CUST00694,Retail,AZ,West
CUST00695,Wholesale,TX,South
CUST00696,Retail,CA,West
CUST00697,Wholesale,OR,West
CUST00698,Retail,IN,Midwest
CUST00699,Retail,FL,South
CUST00700,Enterprise,NY,Northeast
CUST00701,Retail,FL,South
CUST00702,Retail,NC,South
CUST00703,Wholesale,WA,West
CUST00704,Retail,AZ,West
CUST00705,Wholesale,CA,West
CUST00706,Retail,TN,South
CUST00707,Enterprise,AZ,West
CUST00708,Wholesale,NY,Northeast
CUST00709,Retail,AZ,West
CUST00710,Enterprise,IL,Midwest
CUST00711,Retail,IN,Midwest
CUST00712,Enterprise,CA,West
CUST00713,Retail,IL,Midwest
CUST00714,Retail,MI,Midwest
CUST00715,Retail,NC,South
CUST00716,Retail,CT,Northeast
CUST00717,Retail,WI,Midwest
CUST00718,Wholesale,FL,South
CUST00719,Wholesale,CA,West
CUST00720,Enterprise,IN,Midwest
CUST00721,Retail,NC,South
CUST00722,Retail,FL,South
CUST00723,Retail,IL,Midwest
CUST00724,Retail,NJ,Northeast
CUST00725,Retail,OR,West
CUST00726,Retail,OR,West
CUST00727,Wholesale,MA,Northeast
CUST00728,Retail,NC,South
CUST00729,Retail,IN,Midwest
CUST00730,Retail,NC,South
CUST00731,Retail,IL,Midwest
CUST00732,Retail,IL,Midwest
CUST00733,Enterprise,WA,West
CUST00734,Retail,CA,West
CUST00735,Retail,FL,South
CUST00736,Retail,CT,Northeast
CUST00737,Wholesale,FL,South
CUST00738,Enterprise,OH,Midwest
CUST00739,Wholesale,TN,South
CUST00740,Wholesale,IL,Midwest
CUST00741,Retail,OH,Midwest
CUST00742,Retail,WI,Midwest
CUST00743,Enterprise,MA,Northeast
CUST00744,Wholesale,NC,South
CUST00745,Retail,IN,Midwest
CUST00746,Wholesale,NY,Northeast
CUST00747,Wholesale,NC,South
CUST00748,Retail,OR,West
CUST00749,Enterprise,CO,West
CUST00750,Enterprise,NJ,Northeast
CUST00751,Retail,TX,South
CUST00752,Wholesale,CO,West
CUST00753,Retail,GA,South
CUST00754,Wholesale,OH,Midwest
CUST00755,Retail,OR,West
CUST00756,Retail,NY,Northeast
CUST00757,Enterprise,MI,Midwest
CUST00758,Retail,OH,Midwest
CUST00759,Retail,GA,South
CUST00760,Retail,TN,South
CUST00761,Retail,TX,South
CUST00762,Wholesale,GA,South
CUST00763,Retail,GA,South
CUST00764,Retail,TN,South
CUST00765,Retail,CT,Northeast
CUST00766,Wholesale,IN,Midwest
CUST00767,Wholesale,OH,Midwest
CUST00768,Retail,TN,South
CUST00769,Retail,NY,Northeast
CUST00770,Retail,NY,Northeast
CUST00771,Retail,GA,South
CUST00772,Wholesale,OR,West
CUST00773,Retail,PA,Northeast
CUST00774,Retail,FL,South
CUST00775,Retail,WA,West
CUST00776,Wholesale,AZ,West
CUST00777,Retail,CA,West
CUST00778,Retail,NJ,Northeast
CUST00779,Retail,CO,West
CUST00780,Retail,CO,West
CUST00781,Wholesale,MI,Midwest
CUST00782,Retail,MI,Midwest
CUST00783,Wholesale,FL,South
CUST00784,Wholesale,WA,West
CUST00785,Retail,TN,South
CUST00786,Retail,MA,Northeast
CUST00787,Wholesale,WI,Midwest
CUST00788,Retail,MA,Northeast
CUST00789,Retail,WA,West
CUST00790,Enterprise,IL,Midwest
CUST00791,Retail,MA,Northeast
CUST00792,Retail,OR,West
CUST00793,Retail,WA,West
CUST00794,Enterprise,MI,Midwest
CUST00795,Retail,GA,South
CUST00796,Retail,WI,Midwest
CUST00797,Retail,CO,West
CUST00798,Retail,NC,South
CUST00799,Retail,NY,Northeast
CUST00800,Retail,OR,West
CUST00801,Retail,WA,West
CUST00802,Retail,IN,Midwest
CUST00803,Retail,TX,South
CUST00804,Retail,MA,Northeast
CUST00805,Retail,OR,West
CUST00806,Retail,AZ,West
CUST00807,Wholesale,NY,Northeast
CUST00808,Retail,WA,West
CUST00809,Retail,FL,South
CUST00810,Retail,AZ,West
CUST00811,Wholesale,PA,Northeast
CUST00812,Wholesale,CT,Northeast
CUST00813,Retail,MI,Midwest
CUST00814,Retail,TX,South
CUST00815,Enterprise,OR,West
CUST00816,Retail,OR,West
CUST00817,Retail,TN,South
CUST00818,Retail,NJ,Northeast
CUST00819,Retail,PA,Northeast
CUST00820,Enterprise,FL,South
CUST00821,Wholesale,GA,South
CUST00822,Retail,IN,Midwest
CUST00823,Retail,OR,West
CUST00824,Enterprise,NY,Northeast
CUST00825,Wholesale,NJ,Northeast
CUST00826,Retail,NC,South
CUST00827,Enterprise,WA,West
CUST00828,Enterprise,MI,Midwest
CUST00829,Wholesale,GA,South
CUST00830,Retail,OR,West
CUST00831,Retail,TN,South
CUST00832,Wholesale,TN,South
CUST00833,Retail,OR,West
CUST00834,Wholesale,NC,South
CUST00835,Retail,MA,Northeast
CUST00836,Retail,TX,South
CUST00837,Retail,OR,West
CUST00838,Retail,TX,South
CUST00839,Enterprise,AZ,West
CUST00840,Wholesale,IL,Midwest
CUST00841,Wholesale,WA,West
CUST00842,Retail,WA,West
CUST00843,Retail,IL,Midwest
CUST00844,Retail,NJ,Northeast
CUST00845,Retail,PA,Northeast
CUST00846,Retail,NC,South
CUST00847,Retail,WI,Midwest
CUST00848,Retail,WI,Midwest
CUST00849,Retail,CA,West
CUST00850,Enterprise,IN,Midwest
CUST00851,Wholesale,IN,Midwest
CUST00852,Retail,NC,South
CUST00853,Retail,AZ,West
CUST00854,Wholesale,WI,Midwest
CUST00855,Retail,TN,South
CUST00856,Wholesale,FL,South
CUST00857,Wholesale,WA,West
CUST00858,Retail,MI,Midwest
CUST00859,Retail,GA,South
CUST00860,Retail,FL,South
CUST00861,Retail,WI,Midwest
CUST00862,Retail,NC,South
CUST00863,Wholesale,TN,South
CUST00864,Retail,FL,South
CUST00865,Retail,CT,Northeast
CUST00866,Enterprise,CO,West
CUST00867,Wholesale,GA,South
CUST00868,Retail,TX,South
CUST00869,Retail,TX,South
CUST00870,Retail,NC,South
CUST00871,Wholesale,NC,South
CUST00872,Retail,OH,Midwest
CUST00873,Retail,TN,South
CUST00874,Enterprise,GA,South
CUST00875,Retail,CT,Northeast
CUST00876,Wholesale,OH,Midwest
CUST00877,Enterprise,CT,Northeast
CUST00878,Retail,OH,Midwest
CUST00879,Wholesale,NY,Northeast
CUST00880,Retail,AZ,West
CUST00881,Enterprise,CA,West
CUST00882,Retail,IL,Midwest
CUST00883,Wholesale,WI,Midwest
CUST00884,Retail,CO,West
CUST00885,Wholesale,MI,Midwest
CUST00886,Wholesale,FL,South
CUST00887,Retail,NY,Northeast
CUST00888,Wholesale,IN,Midwest
CUST00889,Retail,NJ,Northeast
CUST00890,Retail,WA,West
CUST00891,Retail,PA,Northeast
CUST00892,Retail,WA,West
CUST00893,Retail,TX,South
CUST00894,Enterprise,MA,Northeast
CUST00895,Retail,MA,Northeast
CUST00896,Wholesale,NC,South
CUST00897,Retail,WA,West
CUST00898,Wholesale,AZ,West
CUST00899,Enterprise,IL,Midwest
CUST00900,Retail,GA,South
CUST00901,Wholesale,AZ,West
CUST00902,Retail,IL,Midwest
CUST00903,Wholesale,FL,South
CUST00904,Retail,OH,Midwest
CUST00905,Enterprise,CO,West
CUST00906,Retail,TX,South
CUST00907,Retail,CA,West
CUST00908,Wholesale,OH,Midwest
CUST00909,Retail,AZ,West
CUST00910,Retail,IL,Midwest
CUST00911,Retail,NC,South
CUST00912,Retail,WI,Midwest
CUST00913,Retail,FL,South
CUST00914,Retail,TN,South
CUST00915,Retail,MA,Northeast
CUST00916,Retail,GA,South
CUST00917,Wholesale,NY,Northeast
CUST00918,Retail,AZ,West
CUST00919,Retail,WI,Midwest
CUST00920,Retail,TX,South
CUST00921,Retail,FL,South
CUST00922,Wholesale,OH,Midwest
CUST00923,Retail,WI,Midwest
CUST00924,Retail,WI,Midwest
CUST00925,Wholesale,NC,South
CUST00926,Wholesale,OR,West
CUST00927,Retail,OH,Midwest
CUST00928,Wholesale,CT,Northeast
CUST00929,Enterprise,OR,West
CUST00930,Retail,TX,South
CUST00931,Wholesale,NY,Northeast
CUST00932,Wholesale,IN,Midwest
CUST00933,Retail,OH,Midwest
CUST00934,Retail,TN,South
CUST00935,Retail,CA,West
CUST00936,Wholesale,IN,Midwest
CUST00937,Enterprise,CA,West
CUST00938,Wholesale,CA,West
CUST00939,Retail,WA,West
CUST00940,Retail,CO,West
CUST00941,Retail,CT,Northeast
CUST00942,Retail,AZ,West
CUST00943,Retail,PA,Northeast
CUST00944,Wholesale,TX,South
CUST00945,Retail,IN,Midwest
CUST00946,Wholesale,NY,Northeast
CUST00947,Retail,AZ,West
CUST00948,Retail,CT,Northeast
CUST00949,Retail,NY,Northeast
CUST00950,Retail,CA,West
CUST00951,Enterprise,NC,South
CUST00952,Retail,OH,Midwest
CUST00953,Wholesale,AZ,West
CUST00954,Retail,CO,West
CUST00955,Wholesale,CO,West
CUST00956,Retail,CT,Northeast
CUST00957,Wholesale,MI,Midwest
CUST00958,Wholesale,NJ,Northeast
CUST00959,Retail,OR,West
CUST00960,Retail,OH,Midwest
CUST00961,Wholesale,NY,Northeast
CUST00962,Enterprise,NC,South
CUST00963,Retail,OR,West
CUST00964,Wholesale,WA,West
CUST00965,Enterprise,WI,Midwest
CUST00966,Wholesale,GA,South
CUST00967,Enterprise,GA,South
CUST00968,Wholesale,NY,Northeast
CUST00969,Retail,OR,West
CUST00970,Retail,NJ,Northeast
CUST00971,Retail,IL,Midwest
CUST00972,Wholesale,CT,Northeast
CUST00973,Wholesale,PA,Northeast
CUST00974,Retail,NJ,Northeast
CUST00975,Wholesale,PA,Northeast
CUST00976,Wholesale,WA,West
CUST00977,Retail,IL,Midwest
CUST00978,Retail,IN,Midwest
CUST00979,Retail,GA,South
CUST00980,Retail,TN,South
CUST00981,Retail,GA,South
CUST00982,Retail,GA,South
CUST00983,Retail,WI,Midwest
CUST00984,Retail,FL,South
CUST00985,Retail,CT,Northeast
CUST00986,Retail,WI,Midwest
CUST00987,Wholesale,CA,West
CUST00988,Retail,NC,South
CUST00989,Enterprise,NC,South
CUST00990,Enterprise,WA,West
CUST00991,Retail,NC,South
CUST00992,Retail,IN,Midwest
CUST00993,Retail,WA,West
CUST00994,Retail,MI,Midwest
CUST00995,Retail,WI,Midwest
CUST00996,Retail,CT,Northeast
CUST00997,Retail,CO,West
CUST00998,Retail,WI,Midwest
CUST00999,Retail,MI,Midwest
CUST01000,Wholesale,MI,Midwest
CUST01001,Retail,PA,Northeast
CUST01002,Retail,TX,South
CUST01003,Retail,IL,Midwest
CUST01004,Enterprise,NC,South
CUST01005,Retail,NY,Northeast
CUST01006,Retail,IN,Midwest
CUST01007,Wholesale,WI,Midwest
CUST01008,Retail,MI,Midwest
CUST01009,Enterprise,TX,South
CUST01010,Wholesale,OH,Midwest
CUST01011,Wholesale,PA,Northeast
CUST01012,Wholesale,IN,Midwest
CUST01013,Enterprise,WI,Midwest
CUST01014,Enterprise,IN,Midwest
CUST01015,Wholesale,FL,South
CUST01016,Wholesale,CO,West
CUST01017,Retail,FL,South
CUST01018,Retail,FL,South
CUST01019,Retail,CO,West
CUST01020,Retail,PA,Northeast
CUST01021,Retail,GA,South
CUST01022,Retail,FL,South
CUST01023,Retail,CA,West
CUST01024,Wholesale,OH,Midwest
CUST01025,Enterprise,MA,Northeast
CUST01026,Retail,AZ,West
CUST01027,Retail,OH,Midwest
CUST01028,Wholesale,GA,South
CUST01029,Retail,OR,West
CUST01030,Wholesale,WI,Midwest
CUST01031,Retail,FL,South
CUST01032,Retail,CO,West
CUST01033,Enterprise,WA,West
CUST01034,Retail,GA,South
CUST01035,Wholesale,IN,Midwest
CUST01036,Wholesale,WA,West
CUST01037,Retail,CT,Northeast
CUST01038,Wholesale,NY,Northeast
CUST01039,Enterprise,NY,Northeast
CUST01040,Retail,WA,West
CUST01041,Wholesale,IL,Midwest
CUST01042,Retail,IL,Midwest
CUST01043,Retail,IN,Midwest
CUST01044,Retail,AZ,West
CUST01045,Retail,CT,Northeast
CUST01046,Enterprise,CO,West
CUST01047,Enterprise,NY,Northeast
CUST01048,Retail,CA,West
CUST01049,Wholesale,CT,Northeast
CUST01050,Retail,TN,South
CUST01051,Retail,TX,South
CUST01052,Wholesale,WA,West
CUST01053,Retail,NY,Northeast
CUST01054,Retail,OH,Midwest
CUST01055,Wholesale,IN,Midwest
CUST01056,Retail,FL,South
CUST01057,Retail,NC,South
CUST01058,Retail,MA,Northeast
CUST01059,Retail,CO,West
CUST01060,Wholesale,OH,Midwest
CUST01061,Retail,TX,South
CUST01062,Wholesale,NY,Northeast
CUST01063,Retail,CO,West
CUST01064,Retail,OR,West
CUST01065,Retail,CA,West
CUST01066,Retail,NJ,Northeast
CUST01067,Wholesale,PA,Northeast
CUST01068,Wholesale,AZ,West
CUST01069,Retail,CT,Northeast
CUST01070,Retail,NJ,Northeast
CUST01071,Retail,IN,Midwest
CUST01072,Retail,AZ,West
CUST01073,Wholesale,NY,Northeast
CUST01074,Retail,TN,South
CUST01075,Retail,NJ,Northeast
CUST01076,Retail,TX,South
CUST01077,Retail,IN,Midwest
CUST01078,Retail,WI,Midwest
CUST01079,Retail,MA,Northeast
CUST01080,Retail,IN,Midwest
CUST01081,Retail,IN,Midwest
CUST01082,Wholesale,OR,West
CUST01083,Retail,NC,South
CUST01084,Enterprise,IL,Midwest
CUST01085,Retail,TX,South
CUST01086,Wholesale,PA,Northeast
CUST01087,Retail,IL,Midwest
CUST01088,Wholesale,TN,South
CUST01089,Wholesale,AZ,West
CUST01090,Retail,MA,Northeast
CUST01091,Retail,CO,West
CUST01092,Retail,MI,Midwest
CUST01093,Retail,CO,West
CUST01094,Retail,IN,Midwest
CUST01095,Retail,CA,West
CUST01096,Retail,GA,South
CUST01097,Retail,NY,Northeast
CUST01098,Wholesale,GA,South
CUST01099,Wholesale,WA,West
CUST01100,Enterprise,AZ,West
CUST01101,Retail,TX,South
CUST01102,Retail,NY,Northeast
CUST01103,Retail,NC,South
CUST01104,Retail,FL,South
CUST01105,Wholesale,NJ,Northeast
CUST01106,Retail,NJ,Northeast
CUST01107,Wholesale,CO,West
CUST01108,Retail,CA,West
CUST01109,Retail,NY,Northeast
CUST01110,Retail,TN,South
CUST01111,Retail,CT,Northeast
CUST01112,Retail,NC,South
CUST01113,Retail,MA,Northeast
CUST01114,Retail,CO,West
CUST01115,Retail,CT,Northeast
CUST01116,Retail,IN,Midwest
CUST01117,Retail,WI,Midwest
CUST01118,Retail,OH,Midwest
CUST01119,Retail,FL,South
CUST01120,Wholesale,NC,South
CUST01121,Retail,IL,Midwest
CUST01122,Wholesale,WI,Midwest
CUST01123,Retail,NC,South
CUST01124,Retail,NC,South
CUST01125,Wholesale,MA,Northeast
CUST01126,Retail,GA,South
CUST01127,Retail,OR,West
CUST01128,Retail,WI,Midwest
CUST01129,Retail,NJ,Northeast
CUST01130,Retail,TX,South
CUST01131,Retail,AZ,West
CUST01132,Wholesale,AZ,West
CUST01133,Retail,AZ,West
CUST01134,Retail,OR,West
CUST01135,Retail,MI,Midwest
CUST01136,Wholesale,TN,South
CUST01137,Retail,WI,Midwest
CUST01138,Retail,GA,South
CUST01139,Retail,AZ,West
CUST01140,Enterprise,NC,South
CUST01141,Retail,MI,Midwest
CUST01142,Retail,AZ,West
CUST01143,Retail,AZ,West
CUST01144,Retail,CT,Northeast
CUST01145,Retail,IN,Midwest
CUST01146,Retail,IN,Midwest
CUST01147,Wholesale,PA,Northeast
CUST01148,Wholesale,WI,Midwest
CUST01149,Retail,TX,South
CUST01150,Wholesale,CO,West
CUST01151,Retail,MI,Midwest
CUST01152,Retail,MI,Midwest
CUST01153,Retail,WI,Midwest
CUST01154,Enterprise,CA,West
CUST01155,Retail,OR,West
CUST01156,Retail,OR,West
CUST01157,Retail,OR,West
CUST01158,Retail,OR,West
CUST01159,Retail,MA,Northeast
CUST01160,Retail,NY,Northeast
CUST01161,Retail,MI,Midwest
CUST01162,Retail,IN,Midwest
CUST01163,Retail,CT,Northeast
CUST01164,Wholesale,AZ,West
CUST01165,Retail,CA,West
CUST01166,Retail,NY,Northeast
CUST01167,Wholesale,GA,South
CUST01168,Retail,WI,Midwest
CUST01169,Retail,NC,South
CUST01170,Enterprise,OR,West
CUST01171,Retail,MI,Midwest
CUST01172,Retail,PA,Northeast
CUST01173,Retail,MA,Northeast
CUST01174,Retail,CA,West
CUST01175,Retail,NJ,Northeast
CUST01176,Retail,FL,South
CUST01177,Retail,NC,South
CUST01178,Retail,IN,Midwest
CUST01179,Enterprise,AZ,West
CUST01180,Wholesale,CA,West
CUST01181,Retail,CO,West
CUST01182,Retail,TX,South
CUST01183,Wholesale,TX,South
CUST01184,Retail,NY,Northeast
CUST01185,Retail,TX,South
CUST01186,Enterprise,OH,Midwest
CUST01187,Retail,IN,Midwest
CUST01188,Wholesale,MI,Midwest
CUST01189,Enterprise,CO,West
CUST01190,Retail,WI,Midwest
CUST01191,Retail,OH,Midwest
CUST01192,Retail,CO,West
CUST01193,Wholesale,CT,Northeast
CUST01194,Wholesale,WI,Midwest
CUST01195,Wholesale,CO,West
CUST01196,Retail,NJ,Northeast
CUST01197,Wholesale,MI,Midwest
CUST01198,Enterprise,CT,Northeast
CUST01199,Retail,CT,Northeast
CUST01200,Enterprise,MI,Midwest
CUST01201,Wholesale,GA,South
CUST01202,Wholesale,CA,West
CUST01203,Retail,NC,South
CUST01204,Retail,TN,South
CUST01205,Retail,OR,West
CUST01206,Retail,OR,West
CUST01207,Retail,MA,Northeast
CUST01208,Wholesale,NC,South
CUST01209,Enterprise,MI,Midwest
CUST01210,Wholesale,NJ,Northeast
CUST01211,Retail,TX,South
CUST01212,Retail,MI,Midwest
CUST01213,Retail,NJ,Northeast
CUST01214,Wholesale,GA,South
CUST01215,Wholesale,CO,West
CUST01216,Enterprise,IN,Midwest
CUST01217,Retail,CO,West
CUST01218,Enterprise,WI,Midwest
CUST01219,Wholesale,IN,Midwest
CUST01220,Retail,WI,Midwest
CUST01221,Wholesale,GA,South
CUST01222,Retail,MI,Midwest
CUST01223,Retail,OR,West
CUST01224,Retail,MA,Northeast
CUST01225,Retail,PA,Northeast
CUST01226,Retail,OH,Midwest
CUST01227,Retail,OR,West
CUST01228,Retail,CO,West
CUST01229,Retail,CO,West
CUST01230,Retail,CO,West
CUST01231,Retail,IL,Midwest
CUST01232,Retail,NJ,Northeast
CUST01233,Retail,TX,South
CUST01234,Retail,GA,South
CUST01235,Retail,GA,South
CUST01236,Retail,OR,West
CUST01237,Retail,OR,West
CUST01238,Wholesale,CT,Northeast
CUST01239,Retail,MA,Northeast
CUST01240,Retail,TN,South
CUST01241,Enterprise,PA,Northeast
CUST01242,Wholesale,WI,Midwest
CUST01243,Enterprise,NJ,Northeast
CUST01244,Wholesale,TX,South
CUST01245,Retail,AZ,West
CUST01246,Retail,TX,South
CUST01247,Retail,CA,West
CUST01248,Retail,OH,Midwest
CUST01249,Retail,TN,South
CUST01250,Retail,WA,West
CUST01251,Retail,OH,Midwest
CUST01252,Wholesale,IL,Midwest
CUST01253,Wholesale,TN,South
CUST01254,Retail,TN,South
CUST01255,Wholesale,MI,Midwest
CUST01256,Retail,FL,South
CUST01257,Wholesale,TN,South
CUST01258,Retail,NJ,Northeast
CUST01259,Enterprise,CA,West
CUST01260,Wholesale,GA,South
CUST01261,Retail,OH,Midwest
CUST01262,Retail,MI,Midwest
CUST01263,Retail,WI,Midwest
CUST01264,Retail,WA,West
CUST01265,Retail,NC,South
CUST01266,Retail,CO,West
CUST01267,Retail,NY,Northeast
CUST01268,Wholesale,OR,West
CUST01269,Enterprise,FL,South
CUST01270,Retail,CO,West
CUST01271,Retail,TN,South
CUST01272,Retail,NY,Northeast
CUST01273,Wholesale,AZ,West
CUST01274,Retail,CT,Northeast
CUST01275,Enterprise,WA,West
CUST01276,Wholesale,WA,West
CUST01277,Retail,AZ,West
CUST01278,Retail,FL,South
CUST01279,Wholesale,TN,South
CUST01280,Wholesale,IN,Midwest
CUST01281,Retail,AZ,West
CUST01282,Retail,NY,Northeast
CUST01283,Wholesale,PA,Northeast
CUST01284,Retail,NY,Northeast
CUST01285,Enterprise,WI,Midwest
CUST01286,Retail,CA,West
CUST01287,Retail,WA,West
CUST01288,Wholesale,MI,Midwest
CUST01289,Retail,MI,Midwest
CUST01290,Retail,MA,Northeast
CUST01291,Retail,TX,South
CUST01292,Retail,GA,South
CUST01293,Retail,PA,Northeast
CUST01294,Retail,GA,South
CUST01295,Retail,CA,West
CUST01296,Wholesale,NY,Northeast
CUST01297,Retail,WI,Midwest
CUST01298,Retail,NJ,Northeast
CUST01299,Retail,IN,Midwest
CUST01300,Enterprise,CA,West
CUST01301,Wholesale,MA,Northeast
CUST01302,Retail,PA,Northeast
CUST01303,Retail,WI,Midwest
CUST01304,Retail,NJ,Northeast
CUST01305,Wholesale,CA,West
CUST01306,Wholesale,NY,Northeast
CUST01307,Wholesale,FL,South
CUST01308,Wholesale,GA,South
CUST01309,Wholesale,WA,West
CUST01310,Retail,IL,Midwest
CUST01311,Retail,CT,Northeast
CUST01312,Retail,WI,Midwest
CUST01313,Retail,GA,South
CUST01314,Wholesale,WI,Midwest
CUST01315,Retail,WA,West
CUST01316,Retail,NY,Northeast
CUST01317,Retail,IL,Midwest
CUST01318,Retail,AZ,West
CUST01319,Retail,AZ,West
CUST01320,Retail,OH,Midwest
CUST01321,Retail,TX,South
CUST01322,Retail,IN,Midwest
CUST01323,Retail,TX,South
CUST01324,Retail,GA,South
CUST01325,Retail,WI,Midwest
CUST01326,Retail,TX,South
CUST01327,Retail,WI,Midwest
CUST01328,Wholesale,CA,West
CUST01329,Retail,WI,Midwest
CUST01330,Retail,CT,Northeast
CUST01331,Wholesale,MA,Northeast
CUST01332,Retail,GA,South
CUST01333,Retail,OR,West
CUST01334,Wholesale,AZ,West
CUST01335,Retail,WI,Midwest
CUST01336,Retail,NY,Northeast
CUST01337,Enterprise,NY,Northeast
CUST01338,Wholesale,GA,South
CUST01339,Retail,NY,Northeast
CUST01340,Retail,OR,West
CUST01341,Retail,TN,South
CUST01342,Retail,CO,West
CUST01343,Retail,CA,West
CUST01344,Retail,MI,Midwest
CUST01345,Retail,MA,Northeast
CUST01346,Retail,CT,Northeast
CUST01347,Wholesale,OH,Midwest
CUST01348,Wholesale,NC,South
CUST01349,Retail,MA,Northeast
CUST01350,Retail,WA,West
CUST01351,Retail,NJ,Northeast
CUST01352,Retail,PA,Northeast
CUST01353,Wholesale,PA,Northeast
CUST01354,Retail,MA,Northeast
CUST01355,Retail,IL,Midwest
CUST01356,Retail,NJ,Northeast
CUST01357,Retail,NJ,Northeast
CUST01358,Retail,AZ,West
CUST01359,Retail,GA,South
CUST01360,Enterprise,GA,South
CUST01361,Retail,TX,South
CUST01362,Retail,MA,Northeast
CUST01363,Retail,AZ,West
CUST01364,Retail,MA,Northeast
CUST01365,Enterprise,PA,Northeast
CUST01366,Retail,OR,West
CUST01367,Wholesale,TX,South
CUST01368,Retail,OR,West
CUST01369,Retail,MI,Midwest
CUST01370,Retail,MI,Midwest
CUST01371,Wholesale,CT,Northeast
CUST01372,Retail,NJ,Northeast
CUST01373,Retail,NY,Northeast
CUST01374,Enterprise,NJ,Northeast
CUST01375,Retail,PA,Northeast
CUST01376,Retail,NC,South
CUST01377,Retail,OH,Midwest
CUST01378,Enterprise,CT,Northeast
CUST01379,Retail,WA,West
CUST01380,Wholesale,GA,South
CUST01381,Wholesale,AZ,West
CUST01382,Retail,TX,South
CUST01383,Wholesale,TX,South
CUST01384,Retail,NJ,Northeast
CUST01385,Retail,IN,Midwest
CUST01386,Wholesale,PA,Northeast
CUST01387,Wholesale,PA,Northeast
CUST01388,Retail,FL,South
CUST01389,Retail,TX,South
CUST01390,Retail,CA,West
CUST01391,Retail,GA,South
CUST01392,Retail,TN,South
CUST01393,Retail,TN,South
CUST01394,Retail,WI,Midwest
CUST01395,Retail,TN,South
CUST01396,Retail,WA,West
CUST01397,Retail,OH,Midwest
CUST01398,Retail,PA,Northeast
CUST01399,Wholesale,NJ,Northeast
CUST01400,Retail,TX,South
CUST01401,Enterprise,TX,South
CUST01402,Wholesale,AZ,West
CUST01403,Retail,NJ,Northeast
CUST01404,Wholesale,WI,Midwest
CUST01405,Retail,CA,West
CUST01406,Retail,MI,Midwest
CUST01407,Retail,NY,Northeast
CUST01408,Retail,IN,Midwest
CUST01409,Retail,AZ,West
CUST01410,Retail,CA,West
CUST01411,Retail,CT,Northeast
CUST01412,Wholesale,WI,Midwest
CUST01413,Retail,CT,Northeast
CUST01414,Wholesale,PA,Northeast
CUST01415,Retail,OH,Midwest
CUST01416,Retail,FL,South
CUST01417,Wholesale,NC,South
CUST01418,Retail,FL,South
CUST01419,Retail,AZ,West
CUST01420,Retail,IL,Midwest
CUST01421,Retail,OH,Midwest
CUST01422,Enterprise,NJ,Northeast
CUST01423,Retail,NJ,Northeast
CUST01424,Enterprise,CO,West
CUST01425,Retail,NC,South
CUST01426,Retail,CT,Northeast
CUST01427,Retail,GA,South
CUST01428,Retail,AZ,West
CUST01429,Retail,AZ,West
CUST01430,Wholesale,NY,Northeast
CUST01431,Wholesale,MI,Midwest
CUST01432,Retail,NJ,Northeast
CUST01433,Enterprise,GA,South
CUST01434,Wholesale,NJ,Northeast
CUST01435,Wholesale,NC,South
CUST01436,Retail,MA,Northeast
CUST01437,Retail,GA,South
CUST01438,Retail,PA,Northeast
CUST01439,Retail,OR,West
CUST01440,Retail,IL,Midwest
CUST01441,Wholesale,CA,West
CUST01442,Retail,IL,Midwest
CUST01443,Retail,NY,Northeast
CUST01444,Enterprise,OH,Midwest
CUST01445,Wholesale,WI,Midwest
CUST01446,Retail,TX,South
CUST01447,Wholesale,TX,South
CUST01448,Retail,NY,Northeast
CUST01449,Retail,WI,Midwest
CUST01450,Retail,IL,Midwest
CUST01451,Retail,TX,South
CUST01452,Retail,PA,Northeast
CUST01453,Retail,NJ,Northeast
CUST01454,Retail,CO,West
CUST01455,Retail,CA,West
CUST01456,Retail,CO,West
CUST01457,Wholesale,MI,Midwest
CUST01458,Retail,OH,Midwest
CUST01459,Retail,FL,South
CUST01460,Retail,WA,West
CUST01461,Retail,CT,Northeast
CUST01462,Retail,MI,Midwest
CUST01463,Wholesale,CO,West
CUST01464,Retail,CA,West
CUST01465,Retail,MA,Northeast
CUST01466,Wholesale,WA,West
CUST01467,Retail,WA,West
CUST01468,Retail,IN,Midwest
CUST01469,Retail,PA,Northeast
CUST01470,Retail,NC,South
CUST01471,Retail,AZ,West
CUST01472,Retail,NC,South
CUST01473,Wholesale,GA,South
CUST01474,Wholesale,MA,Northeast
CUST01475,Wholesale,IL,Midwest
CUST01476,Wholesale,TX,South
CUST01477,Retail,OR,West
CUST01478,Wholesale,TN,South
CUST01479,Retail,OH,Midwest
CUST01480,Retail,NJ,Northeast
CUST01481,Retail,MI,Midwest
CUST01482,Retail,NJ,Northeast
CUST01483,Retail,AZ,West
CUST01484,Enterprise,OH,Midwest
CUST01485,Retail,IN,Midwest
CUST01486,Retail,FL,South
CUST01487,Retail,MA,Northeast
CUST01488,Wholesale,IN,Midwest
CUST01489,Retail,WI,Midwest
CUST01490,Wholesale,GA,South
CUST01491,Retail,CA,West
CUST01492,Retail,NY,Northeast
CUST01493,Retail,IN,Midwest
CUST01494,Wholesale,IL,Midwest
CUST01495,Retail,CA,West
CUST01496,Retail,TN,South
CUST01497,Retail,OH,Midwest
CUST01498,Retail,GA,South
CUST01499,Retail,TX,South
CUST01500,Retail,NJ,Northeast
CUST01501,Retail,IL,Midwest
CUST01502,Retail,TX,South
CUST01503,Retail,NC,South
CUST01504,Retail,MA,Northeast
CUST01505,Retail,FL,South
CUST01506,Wholesale,OH,Midwest
CUST01507,Retail,CO,West
CUST01508,Wholesale,GA,South
CUST01509,Wholesale,GA,South
CUST01510,Retail,WI,Midwest
CUST01511,Wholesale,FL,South
CUST01512,Retail,OH,Midwest
CUST01513,Enterprise,CT,Northeast
CUST01514,Retail,OR,West
CUST01515,Retail,NJ,Northeast
CUST01516,Wholesale,TN,South
CUST01517,Enterprise,IN,Midwest
CUST01518,Wholesale,PA,Northeast
CUST01519,Retail,MI,Midwest
CUST01520,Retail,NJ,Northeast
CUST01521,Enterprise,FL,South
CUST01522,Retail,IL,Midwest
CUST01523,Wholesale,NC,South
CUST01524,Wholesale,MA,Northeast
CUST01525,Retail,OH,Midwest
CUST01526,Retail,MA,Northeast
CUST01527,Retail,TX,South
CUST01528,Retail,NY,Northeast
CUST01529,Wholesale,CO,West
CUST01530,Retail,WA,West
CUST01531,Wholesale,CO,West
CUST01532,Retail,AZ,West
CUST01533,Enterprise,CA,West
CUST01534,Retail,OR,West
CUST01535,Retail,OH,Midwest
CUST01536,Retail,CA,West
CUST01537,Wholesale,MA,Northeast
CUST01538,Wholesale,MA,Northeast
CUST01539,Wholesale,TX,South
CUST01540,Retail,MA,Northeast
CUST01541,Retail,WI,Midwest
CUST01542,Retail,IL,Midwest
CUST01543,Retail,MA,Northeast
CUST01544,Retail,CA,West
CUST01545,Enterprise,WA,West
CUST01546,Enterprise,WA,West
CUST01547,Enterprise,NY,Northeast
CUST01548,Wholesale,GA,South
CUST01549,Retail,WI,Midwest
CUST01550,Retail,FL,South
CUST01551,Retail,GA,South
CUST01552,Wholesale,NY,Northeast
CUST01553,Retail,OR,West
CUST01554,Retail,WA,West
CUST01555,Retail,MA,Northeast
CUST01556,Retail,PA,Northeast
CUST01557,Wholesale,MA,Northeast
CUST01558,Wholesale,WA,West
CUST01559,Retail,NY,Northeast
CUST01560,Enterprise,OH,Midwest
CUST01561,Wholesale,TX,South
CUST01562,Retail,CA,West
CUST01563,Retail,NC,South
CUST01564,Retail,CO,West
CUST01565,Retail,TX,South
CUST01566,Enterprise,WA,West
CUST01567,Retail,NC,South
CUST01568,Wholesale,GA,South
CUST01569,Retail,CA,West
CUST01570,Retail,NC,South
CUST01571,Retail,AZ,West
CUST01572,Retail,MI,Midwest
CUST01573,Retail,NJ,Northeast
CUST01574,Enterprise,NY,Northeast
CUST01575,Retail,TN,South
CUST01576,Retail,OR,West
CUST01577,Retail,IN,Midwest
CUST01578,Retail,PA,Northeast
CUST01579,Retail,OR,West
CUST01580,Retail,OR,West
CUST01581,Retail,WI,Midwest
CUST01582,Retail,TX,South
CUST01583,Retail,CA,West
CUST01584,Retail,IL,Midwest
CUST01585,Retail,WA,West
CUST01586,Retail,OH,Midwest
CUST01587,Enterprise,OH,Midwest
CUST01588,Wholesale,PA,Northeast
CUST01589,Retail,PA,Northeast
CUST01590,Retail,OH,Midwest
CUST01591,Enterprise,FL,South
CUST01592,Wholesale,NY,Northeast
CUST01593,Retail,OR,West
CUST01594,Wholesale,OR,West
CUST01595,Retail,FL,South
CUST01596,Retail,CA,West
CUST01597,Retail,CA,West
CUST01598,Retail,WA,West
CUST01599,Enterprise,IN,Midwest
CUST01600,Wholesale,NY,Northeast
CUST01601,Retail,MA,Northeast
CUST01602,Retail,NC,South
CUST01603,Retail,NC,South
CUST01604,Retail,OR,West
CUST01605,Wholesale,CA,West
CUST01606,Retail,MI,Midwest
CUST01607,Retail,WA,West
CUST01608,Wholesale,CA,West
CUST01609,Retail,AZ,West
CUST01610,Wholesale,IL,Midwest
CUST01611,Retail,AZ,West
CUST01612,Enterprise,TX,South
CUST01613,Retail,FL,South
CUST01614,Retail,FL,South
CUST01615,Retail,CA,West
CUST01616,Retail,OH,Midwest
CUST01617,Wholesale,NC,South
CUST01618,Wholesale,FL,South
CUST01619,Retail,OR,West
CUST01620,Retail,NJ,Northeast
CUST01621,Retail,WA,West
CUST01622,Retail,CO,West
CUST01623,Retail,TX,South
CUST01624,Wholesale,IL,Midwest
CUST01625,Retail,TN,South
CUST01626,Retail,WA,West
CUST01627,Retail,NJ,Northeast
CUST01628,Wholesale,OH,Midwest
CUST01629,Wholesale,NJ,Northeast
CUST01630,Wholesale,PA,Northeast
CUST01631,Retail,MA,Northeast
CUST01632,Retail,MI,Midwest
CUST01633,Wholesale,NC,South
CUST01634,Wholesale,CA,West
CUST01635,Retail,NJ,Northeast
CUST01636,Wholesale,NC,South
CUST01637,Wholesale,WA,West
CUST01638,Retail,OR,West
CUST01639,Wholesale,FL,South
CUST01640,Retail,MI,Midwest
CUST01641,Retail,MA,Northeast
CUST01642,Retail,PA,Northeast
CUST01643,Wholesale,NJ,Northeast
CUST01644,Wholesale,OH,Midwest
CUST01645,Wholesale,OH,Midwest
CUST01646,Retail,NC,South
CUST01647,Wholesale,NY,Northeast
CUST01648,Wholesale,WA,West
CUST01649,Wholesale,IN,Midwest
CUST01650,Wholesale,NJ,Northeast
CUST01651,Wholesale,TN,South
CUST01652,Retail,FL,South
CUST01653,Retail,CO,West
CUST01654,Retail,NC,South
CUST01655,Retail,GA,South
CUST01656,Retail,AZ,West
CUST01657,Wholesale,OR,West
CUST01658,Retail,NY,Northeast
CUST01659,Retail,TN,South
CUST01660,Wholesale,FL,South
CUST01661,Retail,PA,Northeast
CUST01662,Retail,MA,Northeast
CUST01663,Retail,FL,South
CUST01664,Retail,FL,South
CUST01665,Retail,GA,South
CUST01666,Retail,IN,Midwest
CUST01667,Retail,IL,Midwest
CUST01668,Wholesale,AZ,West
CUST01669,Retail,IL,Midwest
CUST01670,Wholesale,AZ,West
CUST01671,Retail,NC,South
CUST01672,Retail,CO,West
CUST01673,Wholesale,CT,Northeast
CUST01674,Retail,MI,Midwest
CUST01675,Retail,IN,Midwest
CUST01676,Retail,AZ,West
CUST01677,Retail,GA,South
CUST01678,Retail,MI,Midwest
CUST01679,Retail,PA,Northeast
CUST01680,Retail,MI,Midwest
CUST01681,Retail,MI,Midwest
CUST01682,Wholesale,NJ,Northeast
CUST01683,Wholesale,GA,South
CUST01684,Enterprise,NC,South
CUST01685,Retail,FL,South
CUST01686,Wholesale,TN,South
CUST01687,Retail,NC,South
CUST01688,Retail,PA,Northeast
CUST01689,Retail,CT,Northeast
CUST01690,Wholesale,PA,Northeast
CUST01691,Retail,IN,Midwest
CUST01692,Retail,PA,Northeast
CUST01693,Retail,NC,South
CUST01694,Wholesale,NJ,Northeast
CUST01695,Wholesale,OH,Midwest
CUST01696,Wholesale,NC,South
CUST01697,Retail,WA,West
CUST01698,Retail,GA,South
CUST01699,Retail,PA,Northeast
CUST01700,Retail,GA,South
CUST01701,Retail,TX,South
CUST01702,Wholesale,PA,Northeast
CUST01703,Enterprise,GA,South
CUST01704,Wholesale,IN,Midwest
CUST01705,Wholesale,WI,Midwest
CUST01706,Enterprise,NJ,Northeast
CUST01707,Retail,CO,West
CUST01708,Retail,CO,West
CUST01709,Enterprise,CO,West
CUST01710,Retail,NY,Northeast
CUST01711,Wholesale,MI,Midwest
CUST01712,Retail,MA,Northeast
CUST01713,Retail,IL,Midwest
CUST01714,Wholesale,NJ,Northeast
CUST01715,Enterprise,MI,Midwest
CUST01716,Wholesale,GA,South
CUST01717,Retail,PA,Northeast
CUST01718,Wholesale,GA,South
CUST01719,Retail,NY,Northeast
CUST01720,Retail,FL,South
CUST01721,Retail,OR,West
CUST01722,Retail,NC,South
CUST01723,Retail,MI,Midwest
CUST01724,Enterprise,AZ,West
CUST01725,Wholesale,OH,Midwest
CUST01726,Retail,CA,West
CUST01727,Retail,OH,Midwest
CUST01728,Enterprise,OH,Midwest
CUST01729,Enterprise,CT,Northeast
CUST01730,Wholesale,IL,Midwest
CUST01731,Retail,TX,South
CUST01732,Retail,AZ,West
CUST01733,Retail,CT,Northeast
CUST01734,Retail,NY,Northeast
CUST01735,Retail,NY,Northeast
CUST01736,Enterprise,PA,Northeast
CUST01737,Retail,CO,West
CUST01738,Retail,CT,Northeast
CUST01739,Retail,NC,South
CUST01740,Retail,OH,Midwest
CUST01741,Retail,MA,Northeast
CUST01742,Retail,CA,West
CUST01743,Retail,TN,South
CUST01744,Wholesale,WI,Midwest
CUST01745,Enterprise,CT,Northeast
CUST01746,Retail,MA,Northeast
CUST01747,Retail,NY,Northeast
CUST01748,Wholesale,WA,West
CUST01749,Retail,MI,Midwest
CUST01750,Retail,MI,Midwest
CUST01751,Wholesale,AZ,West
CUST01752,Retail,IL,Midwest
CUST01753,Retail,WA,West
CUST01754,Retail,AZ,West
CUST01755,Retail,IL,Midwest
CUST01756,Retail,NY,Northeast
CUST01757,Wholesale,CT,Northeast
CUST01758,Retail,WA,West
CUST01759,Retail,CT,Northeast
CUST01760,Wholesale,NY,Northeast
CUST01761,Retail,GA,South
CUST01762,Retail,AZ,West
CUST01763,Wholesale,NC,South
CUST01764,Retail,NY,Northeast
CUST01765,Wholesale,IL,Midwest
CUST01766,Wholesale,FL,South
CUST01767,Retail,NC,South
CUST01768,Retail,NY,Northeast
CUST01769,Enterprise,NY,Northeast
CUST01770,Retail,OH,Midwest
CUST01771,Wholesale,FL,South
CUST01772,Retail,OR,West
CUST01773,Retail,TX,South
CUST01774,Retail,FL,South
CUST01775,Enterprise,IL,Midwest
CUST01776,Enterprise,CO,West
CUST01777,Retail,AZ,West
CUST01778,Retail,CO,West
CUST01779,Wholesale,WA,West
CUST01780,Retail,NJ,Northeast
CUST01781,Retail,NJ,Northeast
CUST01782,Wholesale,PA,Northeast
CUST01783,Retail,OR,West
CUST01784,Enterprise,WA,West
CUST01785,Retail,AZ,West
CUST01786,Retail,NJ,Northeast
CUST01787,Retail,CO,West
CUST01788,Wholesale,PA,Northeast
CUST01789,Retail,CA,West
CUST01790,Retail,MA,Northeast
CUST01791,Retail,TX,South
CUST01792,Wholesale,MI,Midwest
CUST01793,Retail,PA,Northeast
CUST01794,Retail,WI,Midwest
CUST01795,Wholesale,NC,South
CUST01796,Retail,IN,Midwest
CUST01797,Retail,NY,Northeast
CUST01798,Wholesale,IN,Midwest
CUST01799,Retail,CO,West
CUST01800,Wholesale,IL,Midwest
CUST01801,Retail,AZ,West
CUST01802,Wholesale,MI,Midwest
CUST01803,Retail,TX,South
CUST01804,Retail,IN,Midwest
CUST01805,Enterprise,CO,West
CUST01806,Wholesale,IL,Midwest
CUST01807,Retail,CO,West
CUST01808,Retail,CA,West
CUST01809,Wholesale,CO,West
CUST01810,Retail,TX,South
CUST01811,Wholesale,CA,West
CUST01812,Wholesale,PA,Northeast
CUST01813,Retail,CA,West
CUST01814,Retail,NY,Northeast
CUST01815,Wholesale,TN,South
CUST01816,Retail,WI,Midwest
CUST01817,Retail,FL,South
CUST01818,Enterprise,NJ,Northeast
CUST01819,Retail,AZ,West
CUST01820,Wholesale,AZ,West
CUST01821,Retail,CA,West
CUST01822,Retail,NJ,Northeast
CUST01823,Retail,MA,Northeast
CUST01824,Retail,FL,South
CUST01825,Retail,TX,South
CUST01826,Retail,NJ,Northeast
CUST01827,Wholesale,WA,West
CUST01828,Retail,CA,West
CUST01829,Retail,TN,South
CUST01830,Retail,OH,Midwest
CUST01831,Retail,PA,Northeast
CUST01832,Retail,WI,Midwest
CUST01833,Retail,MI,Midwest
CUST01834,Retail,PA,Northeast
CUST01835,Retail,CT,Northeast
CUST01836,Retail,PA,Northeast
CUST01837,Wholesale,OR,West
CUST01838,Retail,WI,Midwest
CUST01839,Retail,CT,Northeast
CUST01840,Retail,CT,Northeast
CUST01841,Retail,OR,West
CUST01842,Wholesale,OR,West
CUST01843,Retail,IN,Midwest
CUST01844,Retail,OH,Midwest
CUST01845,Retail,PA,Northeast
CUST01846,Retail,TN,South
CUST01847,Retail,CO,West
CUST01848,Retail,MI,Midwest
CUST01849,Wholesale,AZ,West
CUST01850,Retail,NC,South
CUST01851,Retail,OH,Midwest
CUST01852,Retail,OR,West
CUST01853,Retail,TN,South
CUST01854,Retail,TN,South
CUST01855,Wholesale,OH,Midwest
CUST01856,Wholesale,IN,Midwest
CUST01857,Retail,FL,South
CUST01858,Wholesale,OH,Midwest
CUST01859,Enterprise,TX,South
CUST01860,Wholesale,TN,South
CUST01861,Retail,OR,West
CUST01862,Wholesale,OR,West
CUST01863,Retail,NC,South
CUST01864,Enterprise,CT,Northeast
CUST01865,Retail,NY,Northeast
CUST01866,Retail,WA,West
CUST01867,Wholesale,NY,Northeast
CUST01868,Retail,MI,Midwest
CUST01869,Enterprise,MI,Midwest
CUST01870,Enterprise,GA,South
CUST01871,Wholesale,MA,Northeast
CUST01872,Retail,IN,Midwest
CUST01873,Wholesale,MA,Northeast
CUST01874,Retail,CA,West
CUST01875,Retail,IN,Midwest
CUST01876,Wholesale,WA,West
CUST01877,Retail,TX,South
CUST01878,Retail,CO,West
CUST01879,Enterprise,AZ,West
CUST01880,Retail,NY,Northeast
CUST01881,Retail,GA,South
CUST01882,Enterprise,WA,West
CUST01883,Retail,TN,South
CUST01884,Wholesale,OH,Midwest
CUST01885,Enterprise,NC,South
CUST01886,Enterprise,IL,Midwest
CUST01887,Wholesale,OH,Midwest
CUST01888,Retail,PA,Northeast
CUST01889,Retail,PA,Northeast
CUST01890,Wholesale,TN,South
CUST01891,Wholesale,GA,South
CUST01892,Retail,IN,Midwest
CUST01893,Retail,TX,South
CUST01894,Retail,NC,South
CUST01895,Retail,IL,Midwest
CUST01896,Wholesale,MI,Midwest
CUST01897,Retail,CT,Northeast
CUST01898,Enterprise,NC,South
CUST01899,Wholesale,TX,South
CUST01900,Retail,TN,South
CUST01901,Retail,OH,Midwest
CUST01902,Retail,CT,Northeast
CUST01903,Retail,WI,Midwest
CUST01904,Wholesale,CA,West
CUST01905,Wholesale,GA,South
CUST01906,Wholesale,MI,Midwest
CUST01907,Retail,FL,South
CUST01908,Retail,GA,South
CUST01909,Wholesale,OR,West
CUST01910,Retail,NY,Northeast
CUST01911,Retail,NC,South
CUST01912,Retail,IN,Midwest
CUST01913,Wholesale,IL,Midwest
CUST01914,Retail,NC,South
CUST01915,Wholesale,PA,Northeast
CUST01916,Enterprise,TN,South
CUST01917,Retail,TX,South
CUST01918,Retail,TN,South
CUST01919,Retail,CO,West
CUST01920,Wholesale,MA,Northeast
CUST01921,Retail,MI,Midwest
CUST01922,Retail,NY,Northeast
CUST01923,Retail,IN,Midwest
CUST01924,Wholesale,NY,Northeast
CUST01925,Retail,OH,Midwest
CUST01926,Wholesale,CA,West
CUST01927,Enterprise,IN,Midwest
CUST01928,Retail,CA,West
CUST01929,Wholesale,IL,Midwest
CUST01930,Retail,AZ,West
CUST01931,Wholesale,NY,Northeast
CUST01932,Wholesale,NY,Northeast
CUST01933,Wholesale,MI,Midwest
CUST01934,Retail,CT,Northeast
CUST01935,Retail,MI,Midwest
CUST01936,Retail,CO,West
CUST01937,Retail,CO,West
CUST01938,Retail,AZ,West
CUST01939,Retail,PA,Northeast
CUST01940,Retail,CT,Northeast
CUST01941,Retail,CT,Northeast
CUST01942,Wholesale,CT,Northeast
CUST01943,Retail,NY,Northeast
CUST01944,Retail,TN,South
CUST01945,Retail,MA,Northeast
CUST01946,Retail,TN,South
CUST01947,Enterprise,MA,Northeast
CUST01948,Retail,CO,West
CUST01949,Wholesale,CA,West
CUST01950,Enterprise,WA,West
CUST01951,Wholesale,OH,Midwest
CUST01952,Wholesale,OR,West
CUST01953,Wholesale,GA,South
CUST01954,Enterprise,FL,South
CUST01955,Retail,CT,Northeast
CUST01956,Retail,IL,Midwest
CUST01957,Retail,NY,Northeast
CUST01958,Retail,OR,West
CUST01959,Retail,MA,Northeast
CUST01960,Retail,MI,Midwest
CUST01961,Retail,WI,Midwest
CUST01962,Retail,OH,Midwest
CUST01963,Retail,OH,Midwest
CUST01964,Retail,GA,South
CUST01965,Retail,NJ,Northeast
CUST01966,Retail,CT,Northeast
CUST01967,Retail,OR,West
CUST01968,Wholesale,MA,Northeast
CUST01969,Retail,MA,Northeast
CUST01970,Retail,NJ,Northeast
CUST01971,Wholesale,AZ,West
CUST01972,Retail,GA,South
CUST01973,Retail,IL,Midwest
CUST01974,Wholesale,TN,South
CUST01975,Wholesale,NJ,Northeast
CUST01976,Retail,NC,South
CUST01977,Retail,AZ,West
CUST01978,Enterprise,TN,South
CUST01979,Retail,IN,Midwest
CUST01980,Retail,FL,South
CUST01981,Wholesale,WA,West
CUST01982,Retail,MA,Northeast
CUST01983,Retail,OH,Midwest
CUST01984,Retail,AZ,West
CUST01985,Wholesale,GA,South
CUST01986,Retail,NC,South
CUST01987,Wholesale,CO,West
CUST01988,Retail,FL,South
CUST01989,Retail,OR,West
CUST01990,Retail,NJ,Northeast
CUST01991,Wholesale,MA,Northeast
CUST01992,Retail,IN,Midwest
CUST01993,Retail,MI,Midwest
CUST01994,Wholesale,NY,Northeast
CUST01995,Retail,CT,Northeast
CUST01996,Enterprise,CT,Northeast
CUST01997,Retail,OR,West
CUST01998,Wholesale,IL,Midwest
CUST01999,Retail,TN,South
CUST02000,Enterprise,WA,West
